filename,timestamp,prediction,confidence
CV_2024102919020834.pdf,2025-05-20 22:47:22,Robotics Engineer,28.73
CV_2024102919020834.pdf,2025-05-21 07:35:54,Robotics Engineer,28.73
CV_2024102919020834.pdf,2025-05-21 07:35:54,Robotics Engineer,28.73
CV_2024102919020834.pdf,2025-05-21 07:38:23,Robotics Engineer,28.73
CV_2024102919020834.pdf,2025-05-21 07:43:49,Robotics Engineer,28.73
CV_2024102919020834.pdf,2025-05-21 07:44:00,Robotics Engineer,28.73
CV_2024102919020834.pdf,2025-05-21 07:44:05,Robotics Engineer,28.73
CV_2024102919020834.pdf,2025-05-21 07:44:48,Robotics Engineer,28.73
CV_2024102919020834.pdf,2025-05-21 07:44:56,Robotics Engineer,28.73
CV_2024102919020834.pdf,2025-05-21 07:45:44,Robotics Engineer,28.73
CV_2024102919020834.pdf,2025-05-21 07:45:50,Robotics Engineer,28.73
CV_2024102919020834.pdf,2025-05-21 08:01:45,Robotics Engineer,28.73
CV_2024102919020834.pdf,2025-05-22 08:45:53,Web Developer,7.95
CV_2024102919020834.pdf,2025-05-22 08:46:58,Web Developer,7.95
CV_2024102919020834.pdf,2025-06-02 11:09:27,Web Developer,7.95
CV_2024102919020834.pdf,2025-06-02 11:09:32,Web Developer,7.95
CV_2024102919020834.pdf,2025-07-11 11:11:13,Web Developer,7.95
CV_2024102919020834.pdf,2025-07-11 12:12:59,Python Developer,19.34
